{
  "gemini-1.5-pro": {
    "usage": {
      "promptTokens": 219370,
      "completionTokens": 28964,
      "totalTokens": 0
    },
    "cost": 0.8380650000000002
  },
  "claude-3-5-sonnet-20240620": {
    "usage": {
      "promptTokens": 193302,
      "completionTokens": 33130,
      "totalTokens": 0
    },
    "cost": 1.0768560000000003
  }
}