{
  "gemini-1.5-pro": {
    "usage": {
      "promptTokens": 334694,
      "completionTokens": 25545,
      "totalTokens": 0
    },
    "cost": 1.0921850000000002
  },
  "claude-3-5-sonnet-20240620": {
    "usage": {
      "promptTokens": 120768,
      "completionTokens": 21916,
      "totalTokens": 0
    },
    "cost": 0.6910440000000001
  }
}