{
  "gemini-1.5-pro": {
    "usage": {
      "promptTokens": 197407,
      "completionTokens": 19865,
      "totalTokens": 0
    },
    "cost": 0.6921674999999999
  },
  "claude-3-5-sonnet-20240620": {
    "usage": {
      "promptTokens": 122175,
      "completionTokens": 22524,
      "totalTokens": 0
    },
    "cost": 0.704385
  }
}