{
  "gemini-1.5-pro": {
    "usage": {
      "promptTokens": 365459,
      "completionTokens": 31575,
      "totalTokens": 0
    },
    "cost": 1.2293975000000001
  },
  "claude-3-5-sonnet-20240620": {
    "usage": {
      "promptTokens": 198636,
      "completionTokens": 36811,
      "totalTokens": 0
    },
    "cost": 1.1480730000000001
  }
}